{
  "model": {
    "name": "Llama 7B (d=4096, L=32)",
    "n_layers": 32,
    "d_model": 4096,
    "available_vram_gb": 8.0,
    "reserve_gb": 1.0
  },
  "ctx_values": [
    512,
    1024,
    2048,
    4096,
    8192,
    12288,
    16384,
    24576,
    32768
  ],
  "memory_gib": {
    "f16": [
      0.25,
      0.5,
      1.0,
      2.0,
      4.0,
      6.0,
      8.0,
      12.0,
      16.0
    ],
    "tq3_0": [
      0.0546875,
      0.109375,
      0.21875,
      0.4375,
      0.875,
      1.3125,
      1.75,
      2.625,
      3.5
    ]
  },
  "max_ctx": {
    "f16": 14336,
    "tq3_0": 65536
  }
}